name,state,area_ha,lon,lat
Adelaide International Bird Sanctuary -Winaityinaityi Pangkara,South Australia,14851,138.317,-34.549
Belair,South Australia,837,138.644,-35.012
Canunda,South Australia,9982,140.247,-37.649
Cleland,South Australia,1035,138.694,-34.968
Coffin Bay,South Australia,30886,135.321,-34.58
Coorong,South Australia,48695,139.259,-35.771
Deep Creek,South Australia,4469,138.252,-35.633
Dhilba Guuranda-Innes,South Australia,10847,136.896,-35.241
Flinders Chase,South Australia,35347,136.723,-35.975
Gawler Ranges,South Australia,179479,135.364,-32.485
Glenthorne -Ityamaiitpinna Yarta,South Australia,548,138.546,-35.044
Hindmarsh Valley,South Australia,425,138.574,-35.455
Ikara-Flinders Ranges,South Australia,95572,138.568,-31.511
Kati Thanda-Lake Eyre,South Australia,1350741,137.511,-28.537
Lake Frome,South Australia,259361,139.78,-30.759
Lake Gairdner,South Australia,556894,135.855,-31.498
Lake Torrens,South Australia,568759,137.648,-30.637
Lincoln,South Australia,21437,135.86,-34.839
Malkumba-Coongie Lakes,South Australia,26617,140.159,-27.248
Mount Remarkable,South Australia,16651,138.069,-32.777
Munga-Thirri—Simpson Desert,South Australia,689579,137.993,-26.248
Murray River,South Australia,15046,140.541,-34.385
Naracoorte Caves,South Australia,658,140.812,-37.065
Nilpena Ediacara,South Australia,64909,138.094,-30.955
Nullarbor,South Australia,32527,129.471,-31.341
Onkaparinga River,South Australia,1545,138.559,-35.159
Vulkathunha-Gammon Ranges,South Australia,126246,139.152,-30.41
Wapma Thura-Southern Flinders Ranges,South Australia,8696,138.141,-33.057
Witjira,South Australia,50808,135.525,-26.445
Ben Lomond,Tasmania,18190,147.652,-41.561
Cradle Mountain-Lake St Clair,Tasmania,161676,145.961,-41.806
Douglas-Apsley,Tasmania,15832,148.192,-41.758
Franklin-Gordon Wild Rivers,Tasmania,463566,145.961,-42.461
Freycinet,Tasmania,16864,148.289,-42.231
Hartz Mountains,Tasmania,12151,146.764,-43.209
Maria Island,Tasmania,11576,148.099,-42.65
Mole Creek Karst,Tasmania,4652,146.264,-41.579
Mount Field,Tasmania,22531,146.588,-42.637
Mount William,Tasmania,18591,148.249,-40.958
Narawntapu,Tasmania,4501,146.647,-41.132
Rocky Cape,Tasmania,3098,145.519,-40.899
Savage River,Tasmania,17988,145.414,-41.314
South Bruny,Tasmania,5181,147.292,-43.494
Southwest,Tasmania,641743,146.194,-43.182
Strzelecki,Tasmania,7664,148.109,-40.223
Tasman,Tasmania,10911,147.95,-43.185
Walls of Jerusalem,Tasmania,51807,146.247,-41.928
Barranyi (North Island),Northern Territory,5381,136.868,-15.562
Charles Darwin,Northern Territory,1303,130.874,-12.45
Djukbinj,Northern Territory,13235,131.328,-12.261
Dulcie Range,Northern Territory,18779,135.531,-22.526
Elsey,Northern Territory,13811,133.186,-14.975
Finke Gorge,Northern Territory,35816,132.753,-24.169
Garig Gunak Barlu,Northern Territory,5651,132.13,-11.596
Iytwelepenty / Davenport Ranges,Northern Territory,15812,135.112,-20.879
Judbarra / Gregory,Northern Territory,990860,130.283,-16.637
Keep River,Northern Territory,31040,129.19,-15.817
Limmen,Northern Territory,958118,135.235,-15.605
Litchfield,Northern Territory,145845,130.759,-13.161
Mary River,Northern Territory,4,131.904,-12.243
Nitmiluk,Northern Territory,113173,132.558,-13.904
Tjoritja / West MacDonnell,Northern Territory,75003,132.64,-23.606
Watarrka,Northern Territory,105189,131.662,-24.266
Kakadu,Northern Territory,1911122,132.465,-13.048
Uluru-Kata Tjuta,Northern Territory,133302,131.019,-25.342
Namadgi,Australian Capital Territory,77228,148.936,-35.583
Albinia,Queensland,7363,148.492,-24.475
Alton,Queensland,558,149.331,-27.997
Amamoor,Queensland,39,152.646,-26.325
Annan River (Yuku Baja-Muliku),Queensland,8686,145.209,-15.558
Astrebla Downs,Queensland,170509,140.607,-24.222
Auburn River,Queensland,410,151.055,-25.719
Baga,Queensland,146,150.629,-23.215
Ban Ban,Queensland,1958,151.966,-25.832
Bania,Queensland,32867,151.483,-24.981
Barnard Island Group,Queensland,31,146.16,-17.738
Barron Gorge,Queensland,2970,145.642,-16.877
Basilisk Range,Queensland,2221,145.964,-17.708
Beeron,Queensland,7046,151.316,-26.005
Bellthorpe,Queensland,7599,152.712,-26.874
Benarkin,Queensland,204,152.171,-26.76
Bendidee,Queensland,928,150.519,-28.298
Beninbi,Queensland,2596,151.738,-25.88
Bingera,Queensland,5440,152.316,-25.028
Binya,Queensland,13379,145.612,-28.847
Black Mountain,Queensland,3,145.221,-15.648
Blackbraes,Queensland,51287,144.01,-19.477
Blackdown Tableland,Queensland,47826,149.101,-23.813
Blackwood,Queensland,1647,146.717,-21.457
Bladensburg,Queensland,84253,143.078,-22.695
Bluff Hill,Queensland,1811,148.777,-21.055
Boodjamulla (Lawn Hill),Queensland,203162,138.346,-18.779
Bowling Green Bay,Queensland,57427,146.96,-19.507
Brampton Islands,Queensland,974,149.289,-20.786
Bribie Island,Queensland,8612,153.124,-26.899
Broad Sound Islands,Queensland,2748,149.893,-22.209
Brook Islands,Queensland,59,146.282,-18.14
Bulburin,Queensland,34299,151.513,-24.55
Bulleringa,Queensland,53784,143.781,-17.555
Bunya Mountains,Queensland,19373,151.67,-26.896
Burleigh Head,Queensland,26,153.458,-28.094
Burrum Coast,Queensland,25923,152.463,-25.046
Byfield,Queensland,16847,150.742,-22.85
Cania Gorge,Queensland,2924,150.99,-24.688
Cape Hillsborough,Queensland,1074,149.028,-20.912
Cape Palmerston,Queensland,7192,149.428,-21.591
Cape Upstart,Queensland,8576,147.804,-19.75
Capricorn Coast,Queensland,182,150.796,-23.182
Capricornia Cays,Queensland,193,151.708,-23.296
Carnarvon,Queensland,301340,148.056,-25.073
Castle Tower,Queensland,9307,151.327,-24.178
Cherbourg,Queensland,998,151.992,-26.411
Chesterton Range,Queensland,31005,147.356,-26.192
Chillagoe-Mungana Caves,Queensland,3483,144.512,-17.206
Claremont Isles,Queensland,61,143.755,-13.937
Clump Mountain,Queensland,326,146.092,-17.843
Coalstoun Lakes,Queensland,26,151.91,-25.597
Conondale,Queensland,35835,152.559,-26.719
Conway,Queensland,32666,148.791,-20.384
Cordalba,Queensland,2477,152.101,-25.12
Crater Lakes,Queensland,964,145.638,-17.251
Crows Nest,Queensland,1796,152.119,-27.269
Cudmore (Limited Depth),Queensland,21218,146.299,-22.942
Culgoa Floodplain,Queensland,61784,147.002,-28.935
Currawinya,Queensland,343867,144.484,-28.489
Curtain Fig,Queensland,203,145.57,-17.28
Curtis Island,Queensland,10331,151.217,-23.594
D'Aguilar,Queensland,39228,152.76,-27.377
Daintree,Queensland,22,145.45,-16.233
Dalrymple,Queensland,1755,146.109,-19.797
Dan Dan,Queensland,1646,151.063,-24.162
Danbulla,Queensland,11425,145.581,-17.121
Davies Creek,Queensland,500,145.582,-17.004
Dawes,Queensland,8912,151.264,-24.535
Deepwater,Queensland,4860,151.938,-24.308
Deer Reserve,Queensland,3226,152.527,-27.086
Diamantina,Queensland,511216,141.438,-23.799
Dinden,Queensland,21073,145.632,-17.015
Djiru,Queensland,4178,146.063,-17.892
Dryander,Queensland,13338,148.584,-20.233
Dularcha,Queensland,470,152.956,-26.786
Ella Bay,Queensland,4355,146.038,-17.432
Endeavour River,Queensland,2131,145.218,-15.436
Erringibba,Queensland,876,149.706,-27.289
Esk,Queensland,384,152.321,-27.295
Eubenangee Swamp,Queensland,2473,145.956,-17.424
Eudlo Creek,Queensland,42,152.963,-26.705
Eungella,Queensland,62211,148.612,-21.004
Eurimbula,Queensland,29534,151.725,-24.191
Expedition,Queensland,22554,148.935,-24.919
Expedition (Limited Depth),Queensland,109135,148.975,-25.227
Fairlies Knob,Queensland,306,152.281,-25.499
Family Islands,Queensland,623,146.164,-17.948
Ferntree Creek,Queensland,72,152.965,-26.61
Finucane Island,Queensland,7493,139.781,-17.631
Fitzroy Island,Queensland,308,145.994,-16.932
Forest Den,Queensland,5892,145.22,-22.12
Fort Lytton,Queensland,13,153.151,-27.412
Forty Mile Scrub,Queensland,6307,144.85,-18.114
Frankland Group,Queensland,84,146.01,-17.157
Freshwater,Queensland,161,152.991,-27.177
Gadgarra,Queensland,8074,145.707,-17.278
Gatton,Queensland,426,152.302,-27.606
Geham,Queensland,22,152.038,-27.388
Gheebulum Kunungai (Moreton Island),Queensland,17071,153.415,-27.241
Girramay,Queensland,29023,145.84,-18.161
Girraween,Queensland,11762,151.949,-28.856
Girringun,Queensland,300460,145.966,-18.384
Glass House Mountains,Queensland,3018,152.943,-26.95
Glastonbury,Queensland,527,152.508,-26.289
Glenbar,Queensland,2979,152.344,-25.838
Gloucester Island,Queensland,3113,148.457,-20.013
Goneaway,Queensland,26082,142.233,-23.768
Good Night Scrub,Queensland,6672,151.889,-25.307
Goodedulla,Queensland,25764,149.739,-23.248
Goold Island,Queensland,817,146.173,-18.166
Goomboorian,Queensland,1816,152.771,-26.122
Great Basalt Wall,Queensland,35131,145.241,-20.009
Great Sandy,Queensland,224467,153.145,-25.247
Green Island,Queensland,8,145.974,-16.76
Grey Peaks,Queensland,3348,145.838,-16.921
Grongah,Queensland,22905,152.139,-25.923
Gulngay,Queensland,4850,146.017,-18.035
Gympie,Queensland,1769,152.709,-26.056
Halifax Bay Wetlands,Queensland,4945,146.265,-18.874
Hampton,Queensland,4,152.074,-27.353
Hann Tableland,Queensland,10798,145.221,-16.875
Hasties Swamp,Queensland,55,145.476,-17.299
Hell Hole Gorge,Queensland,12735,144.106,-25.545
Herberton Range,Queensland,6536,145.472,-17.361
Hinchinbrook Island,Queensland,39769,146.214,-18.37
Holbourne Island,Queensland,36,148.358,-19.727
Homevale,Queensland,51558,148.685,-21.405
Hull River,Queensland,3653,146.054,-17.982
Humboldt,Queensland,7701,148.958,-24.227
Idalia,Queensland,141131,144.681,-24.94
Isla Gorge,Queensland,7890,149.929,-25.142
Japoon,Queensland,24820,145.885,-17.777
Jardine River,Queensland,118,142.631,-10.921
Junee,Queensland,5411,148.993,-22.756
Kelvin,Queensland,3827,149.185,-21.587
Keppel Bay Islands,Queensland,726,150.895,-23.071
Kinrara,Queensland,7609,144.951,-18.455
Kirrama,Queensland,17463,145.721,-18.165
Kondalilla,Queensland,1568,152.834,-26.682
Koombooloomba,Queensland,29225,145.603,-17.968
Kroombit Tops,Queensland,43217,150.97,-24.418
Kuranda,Queensland,31172,145.438,-16.737
Kurrimine Beach,Queensland,894,146.097,-17.731
Lake Bindegolly,Queensland,12526,144.197,-28.047
Lamington,Queensland,21377,153.157,-28.244
Lindeman Islands,Queensland,2826,149.074,-20.491
Littabella,Queensland,8383,151.965,-24.708
Little Mulgrave,Queensland,10972,145.722,-17.104
Lizard Island,Queensland,937,145.46,-14.664
Lochern,Queensland,24787,143.29,-24.057
Lockyer,Queensland,11765,152.258,-27.468
Maalan,Queensland,2471,145.556,-17.56
Macalister Range,Queensland,5628,145.528,-16.65
Magnetic Island,Queensland,3949,146.832,-19.139
Main Range,Queensland,38305,152.291,-27.928
Malbon Thompson Range,Queensland,625,145.959,-17.191
Maleny,Queensland,1882,152.716,-26.663
Mapleton,Queensland,10077,152.816,-26.573
Mapleton Falls,Queensland,26,152.84,-26.629
Maria Creek,Queensland,748,146.07,-17.778
Mariala,Queensland,27044,145.034,-26.091
Mazeppa,Queensland,4126,147.288,-22.229
Michaelmas and Upolu Cays,Queensland,2,145.973,-16.607
Millstream Falls,Queensland,361,145.466,-17.636
Minerva Hills,Queensland,2824,148.057,-24.076
Molle Islands,Queensland,1780,148.861,-20.372
Moogerah Peaks,Queensland,944,152.544,-28.022
Mooloolah River,Queensland,1676,153.096,-26.723
Moorrinya,Queensland,32594,144.956,-21.4
Moresby Range,Queensland,648,146.077,-17.534
Mount Aberdeen,Queensland,2943,147.93,-20.2
Mount Archer,Queensland,4262,150.591,-23.331
Mount Barney,Queensland,18316,152.673,-28.285
Mount Binga,Queensland,1070,151.948,-27.036
Mount Chinghee,Queensland,1259,152.947,-28.303
Mount Colosseum,Queensland,827,151.589,-24.407
Mount Cook,Queensland,586,145.265,-15.486
Mount Coolum,Queensland,363,153.087,-26.586
Mount Etna Caves,Queensland,580,150.474,-23.16
Mount Hypipamee,Queensland,348,145.488,-17.424
Mount Lewis,Queensland,28825,145.286,-16.515
Mount Mackay,Queensland,3688,145.974,-17.943
Mount Martin,Queensland,2272,148.897,-21.092
Mount O'Connell,Queensland,756,150.042,-22.747
Mount Ossa,Queensland,867,148.825,-20.969
Mount Pinbarren,Queensland,23,152.855,-26.318
Mount Spurgeon,Queensland,1217,145.205,-16.435
Mount Walsh,Queensland,14180,152.026,-25.639
Mount Windsor,Queensland,48941,145.014,-16.244
Mowbray,Queensland,8799,145.452,-16.606
Mudlo,Queensland,2188,152.211,-26.026
Munga-Thirri,Queensland,1014432,138.32,-25.183
Nairana,Queensland,19380,146.909,-21.693
Nangur,Queensland,1812,151.984,-26.12
Naree Budjong Djara,Queensland,13218,153.447,-27.671
Narkoola,Queensland,14059,147.08,-28.061
Narrien Range,Queensland,7455,146.968,-22.91
Nerang,Queensland,1659,153.298,-27.968
Newry Islands,Queensland,485,148.903,-20.839
Ngalba Bulal,Queensland,8,145.207,-15.923
Nicoll Scrub,Queensland,27,153.424,-28.188
Noosa,Queensland,2895,153.092,-26.441
Northumberland Islands,Queensland,1769,149.685,-21.316
Nour Nour,Queensland,4943,151.435,-25.305
Nuga Nuga,Queensland,2982,148.687,-24.963
Oakview,Queensland,4349,152.327,-26.166
Orpheus Island,Queensland,1242,146.494,-18.614
Palmerston Rocks,Queensland,10,145.899,-17.568
Paluma Range,Queensland,80009,146.308,-19.1
Peak Range,Queensland,2517,148.12,-22.752
Percy Isles,Queensland,3507,150.269,-21.651
Pidna,Queensland,153,151.974,-26.894
Pinnacles,Queensland,7409,146.634,-19.426
Pioneer Peaks,Queensland,1945,148.939,-21.028
Pipeclay,Queensland,14,153.006,-25.984
Poona,Queensland,5350,152.821,-25.589
Porcupine Gorge,Queensland,5198,144.456,-20.359
Possession Island,Queensland,488,142.398,-10.724
Precipice,Queensland,10504,150.101,-25.307
Pumicestone,Queensland,1015,153.061,-26.993
Ravensbourne,Queensland,688,152.16,-27.402
Reliance Creek,Queensland,29,149.111,-21.046
Repulse Islands,Queensland,150,148.88,-20.598
Rundle Range,Queensland,2154,150.974,-23.646
Rungulla,Queensland,120773,143.413,-19.128
Russell River,Queensland,6200,145.988,-17.307
Sandbanks,Queensland,7,143.972,-13.438
Sarabah,Queensland,1,153.123,-28.047
Smith Islands,Queensland,1153,149.152,-20.681
Snake Range,Queensland,2689,147.583,-24.039
South Cumberland Islands,Queensland,3365,149.616,-20.866
Southern Moreton Bay Islands,Queensland,1656,153.395,-27.801
Southwood,Queensland,7120,150.138,-27.813
Springbrook,Queensland,6542,153.288,-28.199
St Helena Island,Queensland,71,153.232,-27.391
Staaten River,Queensland,468791,142.826,-16.545
Sundown,Queensland,12633,151.642,-28.834
Swain Reefs,Queensland,56,152.451,-21.79
Tagalaka,Queensland,78441,142.663,-18.348
Tamborine,Queensland,2092,153.187,-27.875
Tarong,Queensland,1518,151.846,-26.837
Teerk Roo Ra,Queensland,448,153.351,-27.5
Tewantin,Queensland,4184,152.897,-26.385
The Lakes,Queensland,43141,144.19,-19.881
The Palms,Queensland,72,151.888,-26.926
Three Islands Group,Queensland,77,145.426,-15.116
Thrushton,Queensland,25661,147.681,-27.787
Topaz Road,Queensland,37,145.701,-17.399
Tregole,Queensland,7576,147.072,-26.483
Triunia,Queensland,34,152.906,-26.654
Tuchekoi,Queensland,384,152.837,-26.369
Tully Falls,Queensland,17043,145.567,-17.664
Tully Gorge,Queensland,60597,145.855,-17.827
Tumoulin,Queensland,1872,145.493,-17.579
Turtle Group,Queensland,121,145.253,-14.652
Undara Volcanic,Queensland,66348,144.615,-18.31
Venman Bushland,Queensland,427,153.195,-27.629
Warro,Queensland,6080,151.716,-24.648
Welford,Queensland,123542,143.455,-24.973
West Hill,Queensland,1066,149.461,-21.852
White Mountains,Queensland,112569,145.005,-20.516
Whitsunday Islands,Queensland,17465,148.988,-20.253
Wickham,Queensland,146,153.161,-27.833
Wietalaba,Queensland,1831,151.209,-24.295
Wild Cattle Island,Queensland,591,151.412,-23.98
Wiliyan-ngurru,Queensland,13758,138.186,-20.017
Wondul Range,Queensland,14613,150.992,-28.256
Wongi,Queensland,10937,152.245,-25.506
Woocoo,Queensland,244,152.329,-25.638
Woondum,Queensland,4050,152.815,-26.278
Wooroonooran,Queensland,115259,145.792,-17.451
Woowoonga,Queensland,2642,152.12,-25.456
Woroon,Queensland,551,151.765,-26.07
Wrattens,Queensland,24832,152.369,-26.302
Yungaburra,Queensland,5,145.571,-17.288
Yuwi Paree Toolkoon,Queensland,36,149.266,-21.173
Capricornia Cays,Queensland,41,152.374,-23.856
Dipperu,Queensland,11206,148.72,-21.948
Epping Forest,Queensland,2693,146.706,-22.357
Keppel Bay Islands,Queensland,95,151.076,-23.159
Mount Abbot,Queensland,1380,147.717,-20.116
Mount Bauple,Queensland,539,152.577,-25.811
Palmgrove,Queensland,25010,149.408,-24.94
Raine Island,Queensland,36,144.035,-11.59
Taunton,Queensland,11625,149.206,-23.526
Alwal,Queensland,42527,143.556,-15.202
Apudthama,Queensland,319258,142.633,-11.374
Batavia,Queensland,56014,142.684,-12.33
Biniirr,Queensland,29308,144.955,-15.134
Boodjamulla,Queensland,79687,138.605,-19.146
Bromley (Ampulin),Queensland,40346,142.975,-12.136
Bromley (Kungkaychi),Queensland,10681,142.928,-12.536
Cape Melville,Queensland,169987,144.524,-14.326
Daarrba,Queensland,415,145.124,-15.068
Daintree,Queensland,116221,145.248,-16.367
Errk Oykangand,Queensland,38238,142.084,-15.486
Flinders Group,Queensland,2809,144.255,-14.179
Hope Islands,Queensland,62,145.498,-16.298
Howick Group,Queensland,85,144.988,-14.509
Juunju Daarrba Nhirrpan,Queensland,8042,145.059,-14.936
KULLA (McIlwraith Range),Queensland,158787,143.342,-13.901
Kalkajaka,Queensland,895,145.227,-15.664
Kutini-Payamu (Iron Range),Queensland,53136,143.279,-12.633
Lama Lama,Queensland,35551,143.57,-14.397
Ma'alpiku Island,Queensland,26,143.448,-12.616
Marpa,Queensland,35,143.775,-14.218
Melsonby (Gaarraay),Queensland,8640,144.856,-15.203
Mitirinchi Island,Queensland,1,143.489,-12.404
Muundhi (Jack River),Queensland,164794,144.57,-14.929
Ngalba-bulal,Queensland,42398,145.154,-15.921
Ngaynggarr,Queensland,16494,144.74,-15.147
Olkola,Queensland,373589,143.108,-15.585
Oyala Thumotang,Queensland,381284,142.261,-13.583
Piper Islands,Queensland,7,143.227,-12.244
Rinyirru (Lakefield),Queensland,543931,144.02,-15.014
Wuthara Island,Queensland,106,143.409,-12.288
Wuthathi (Saunders Islands),Queensland,67,143.092,-11.768
Wuthathi (Shelburne Bay),Queensland,37271,143.007,-11.984
Wuthathi (Sir Charles Hardy Group),Queensland,131,143.481,-11.918
Yamarrinh Wachangan Islands (Denham Group),Queensland,70,143.022,-11.486
Alexander Morrison,Western Australia,1376,115.649,-30.058
Avon Valley,Western Australia,4459,116.221,-31.61
Badgingarra,Western Australia,13105,115.412,-30.439
Bandilngan  (Windjana Gorge),Western Australia,2573,124.966,-17.424
Beelu,Western Australia,4650,116.143,-31.941
Blackwood River,Western Australia,20475,115.357,-34.071
Boorabbin,Western Australia,28168,120.149,-31.258
Boorara-Gardner,Western Australia,11017,116.217,-34.749
Boyndaminup,Western Australia,5443,116.575,-34.518
Bramley,Western Australia,3892,115.124,-33.932
Brockman,Western Australia,51,115.999,-34.511
Bunuba,Western Australia,160246,125.906,-17.706
Burringurrah,Western Australia,482606,116.686,-24.62
Cape Arid,Western Australia,277673,123.326,-33.857
Cape Le Grand,Western Australia,223,122.168,-33.944
Cape Range,Western Australia,69488,113.923,-22.208
Cape Range (South),Western Australia,27083,113.725,-22.589
Collier Range,Western Australia,235223,119.072,-24.654
D'Entrecasteaux,Western Australia,119004,116.349,-34.856
Dalgaranga,Western Australia,135682,117.049,-27.905
Dalgarup,Western Australia,2379,115.984,-33.979
Danggu,Western Australia,2795,125.733,-18.06
Dimalurru,Western Australia,91,125.143,-17.612
Dirk Hartog Island,Western Australia,62664,113.08,-25.866
Drovers Cave,Western Australia,2564,115.089,-30.233
Dryandra,Western Australia,16536,116.928,-32.788
Drysdale River,Western Australia,447673,127.046,-14.925
Easter,Western Australia,2977,115.776,-34.142
Eucla,Western Australia,3793,128.967,-31.679
Fitzgerald River,Western Australia,294863,119.556,-33.945
Fitzroy River,Western Australia,24543,126.35,-17.507
Forest Grove,Western Australia,1379,115.141,-34.096
Francois Peron,Western Australia,53145,113.553,-25.761
Frank Hann,Western Australia,68708,120.316,-32.877
Gloucester,Western Australia,875,116.076,-34.443
Goldfields Woodlands,Western Australia,66146,120.545,-31.267
Goongarrie,Western Australia,60008,121.556,-29.953
Gooseberry Hill,Western Australia,107,116.048,-31.945
Greater Beedelup,Western Australia,19287,115.864,-34.373
Greater Dordagup,Western Australia,6410,116.266,-34.517
Greater Hawke,Western Australia,14009,115.873,-34.507
Greater Kingston,Western Australia,21114,116.385,-34.051
Greater Preston,Western Australia,12672,116.093,-33.587
Greenmount,Western Australia,202,116.063,-31.911
Gull Rock,Western Australia,2107,118.036,-35.003
Hassell,Western Australia,1138,118.329,-34.677
Helena,Western Australia,12269,116.321,-32.155
Helena and Aurora Ranges,Western Australia,149157,119.742,-30.085
Hilliger,Western Australia,16986,115.696,-34.231
Houtman Abrolhos Islands,Western Australia,1564,113.698,-28.463
Jane,Western Australia,6868,116.227,-34.59
Jilgu,Western Australia,101977,117.541,-24.744
John Forrest,Western Australia,2700,116.086,-31.87
Kalamunda,Western Australia,397,116.078,-31.959
Kalbarri,Western Australia,183162,114.464,-27.612
Karijini,Western Australia,624428,118.274,-22.968
Karlamilyi,Western Australia,1283729,122.854,-22.301
Kennedy Range,Western Australia,174550,114.876,-24.765
Korung,Western Australia,6354,116.134,-32.07
Lake Muir,Western Australia,9636,116.727,-34.559
Lakeside,Western Australia,8471,117.533,-27.647
Lawley River,Western Australia,17319,125.914,-14.714
Leeuwin-Naturaliste,Western Australia,108,115.163,-34.292
Lesmurdie Falls,Western Australia,22,116.039,-31.995
Lesueur,Western Australia,27231,115.193,-30.132
Matuwa Kurrara Kurrara,Western Australia,609321,121.781,-25.9
Midgegooroo,Western Australia,2493,116.15,-32.129
Millstream Chichester,Western Australia,238344,117.48,-21.458
Milyeannup,Western Australia,18698,115.639,-34.16
Mirima,Western Australia,2066,128.772,-15.774
Mitchell River,Western Australia,115052,125.552,-15.004
Moore River,Western Australia,17235,115.694,-31.094
Mount Augustus,Western Australia,9163,116.85,-24.335
Mount Frankland,Western Australia,37122,116.67,-34.748
Mount Frankland North,Western Australia,22069,116.657,-34.684
Mount Frankland South,Western Australia,42299,116.612,-34.854
Mount Lindesay,Western Australia,39573,117.34,-34.827
Mount Roe,Western Australia,128048,117.01,-34.674
Muggon,Western Australia,191689,115.652,-26.769
Mungada Ridge,Western Australia,1031,116.91,-29.143
Murujuga,Western Australia,220,116.788,-20.568
Nambung,Western Australia,19358,115.158,-30.59
Neerabup,Western Australia,973,115.725,-31.644
Niiwalarra Islands,Western Australia,3352,126.545,-13.89
Peak Charles,Western Australia,39953,121.108,-32.909
Pimbee,Western Australia,93748,114.833,-25.431
Porongurup,Western Australia,2686,117.912,-34.693
Prince Regent,Western Australia,584817,125.257,-15.544
Purnululu,Western Australia,243831,128.534,-17.462
Scott,Western Australia,3322,115.23,-34.273
Serpentine,Western Australia,3623,116.057,-32.386
Shannon,Western Australia,52622,116.39,-34.708
Sir James Mitchell,Western Australia,173,116.146,-34.345
Stirling Range,Western Australia,113346,117.932,-34.392
Stokes,Western Australia,10027,121.075,-33.834
Tathra,Western Australia,4322,115.528,-29.776
Torndirrup,Western Australia,3967,117.879,-35.096
Tuart Forest,Western Australia,1145,115.501,-33.572
Unnamed WA17519,Western Australia,132,115.93,-34.473
Unnamed WA46400,Western Australia,1571,115.181,-34.102
Unnamed WA47688,Western Australia,81,116.27,-33.201
Unnamed WA53843,Western Australia,548,115.653,-34.4
Walpole-Nornalup,Western Australia,14913,116.604,-35.027
Walyunga,Western Australia,2802,116.065,-31.728
Wandoo,Western Australia,46368,116.557,-32.1
Warlibirri,Western Australia,15872,126.374,-18.285
Warren,Western Australia,1372,115.952,-34.503
Watheroo,Western Australia,1634,115.851,-30.346
Waychinicup,Western Australia,3158,118.379,-34.894
Wellington,Western Australia,24799,115.927,-33.397
West Cape Howe,Western Australia,3671,117.605,-35.096
Whicher,Western Australia,6354,115.482,-33.784
William Bay,Western Australia,1716,117.252,-35.015
Wiltshire-Butler,Western Australia,11649,115.475,-34.013
Wolfe Creek Meteorite Crater,Western Australia,1455,127.796,-19.172
Yalgorup,Western Australia,14180,115.647,-32.803
Yanchep,Western Australia,2913,115.67,-31.529
Yelverton,Western Australia,728,115.09,-33.734
Alfred,Victoria,3022,149.363,-37.563
Alpine,Victoria,662437,147.684,-36.646
Barmah,Victoria,28490,145.066,-35.907
Baw Baw,Victoria,12781,146.284,-37.824
Brisbane Ranges,Victoria,8881,144.268,-37.836
Budj Bim,Victoria,8571,141.888,-38.083
Burrowa - Pine Mountain,Victoria,18965,147.755,-36.135
Chiltern-Mt Pilot,Victoria,21665,146.723,-36.246
Churchill,Victoria,272,145.262,-37.951
Cobboboonee,Victoria,18553,141.445,-38.124
Coopracambra,Victoria,38514,149.333,-37.352
Croajingolong,Victoria,88517,149.352,-37.713
Dandenong Ranges,Victoria,3534,145.314,-37.877
Errinundra,Victoria,43144,148.818,-37.349
French Island,Victoria,10318,145.42,-38.337
Grampians,Victoria,168277,142.375,-37.227
Great Otway,Victoria,110265,143.856,-38.603
Greater Bendigo,Victoria,17509,144.444,-36.519
Gunbower,Victoria,9317,144.324,-35.831
Hattah - Kulkyne,Victoria,49983,142.416,-34.673
Heathcote-Graytown,Victoria,12693,144.985,-36.782
Kara Kara,Victoria,13982,143.275,-36.859
Kinglake,Victoria,23127,145.208,-37.395
Lake Eildon,Victoria,27822,145.98,-37.31
Lind,Victoria,1360,148.966,-37.563
Little Desert,Victoria,131607,141.834,-36.533
Lower Glenelg,Victoria,26451,141.112,-38.029
Lower Goulburn,Victoria,9321,145.242,-36.183
Mitchell River,Victoria,14402,147.369,-37.627
Mornington Peninsula,Victoria,2682,144.819,-38.414
Morwell,Victoria,565,146.391,-38.366
Mount Buffalo,Victoria,27484,146.848,-36.72
Mount Richmond,Victoria,1738,141.418,-38.273
Murray - Sunset,Victoria,665847,141.481,-34.667
Organ Pipes,Victoria,153,144.766,-37.667
Point Nepean,Victoria,540,144.686,-38.315
Port Campbell,Victoria,2424,143.076,-38.648
Snowy River,Victoria,114729,148.485,-37.253
Tarra-Bulga,Victoria,2028,146.587,-38.436
Terrick Terrick,Victoria,6388,144.247,-36.14
The Lakes,Victoria,2407,147.666,-37.992
Warby-Ovens,Victoria,14708,146.185,-36.274
Wilsons Promontory,Victoria,48202,146.369,-38.997
Wyperfeld,Victoria,359855,141.802,-35.601
Yarra Ranges,Victoria,77254,145.997,-37.69
Barayamal,New South Wales,178,151.152,-29.788
Breelong,New South Wales,6951,148.738,-31.86
Bullala,New South Wales,5838,150.356,-29.37
Burral Yurrul,New South Wales,1029,150.825,-29.087
Couradda,New South Wales,360,149.928,-30.088
Crawney Pass,New South Wales,311,151.048,-31.608
Crooked Creek,New South Wales,728,151.261,-29.242
Dowe,New South Wales,379,150.496,-30.79
Drillwarrina,New South Wales,1078,148.546,-31.88
Dthinna Dthinnawan,New South Wales,27695,150.855,-28.811
Garrawilla,New South Wales,933,149.635,-31.108
Goonoo,New South Wales,9024,148.736,-32.046
Gunyerwarildi,New South Wales,315,150.541,-29.266
Gwydir River,New South Wales,4699,150.755,-29.923
Hobden Hill,New South Wales,826,150.536,-30.543
Horton Falls,New South Wales,300,150.338,-30.333
Kwiambal,New South Wales,782,150.998,-29.362
Moema,New South Wales,2021,149.95,-30.043
Mogriguy,New South Wales,397,148.617,-32.079
Murrurundi Pass,New South Wales,205,150.809,-31.741
Nullamanna,New South Wales,293,151.22,-29.576
Pilliga,New South Wales,10523,148.989,-30.537
Pilliga West,New South Wales,7955,148.751,-30.453
Rocky Glen,New South Wales,479,149.573,-31.172
Sappa Bulga,New South Wales,121,148.516,-32.309
Serpentine Ridge,New South Wales,354,150.617,-29.982
Somerton,New South Wales,753,150.527,-31.003
Timmallallie,New South Wales,39343,149.273,-30.775
Tinkrameanah,New South Wales,968,149.706,-31.345
Wallabadah,New South Wales,6,150.822,-31.546
Warialda,New South Wales,1599,150.594,-29.714
Watsons Creek,New South Wales,333,151.088,-30.709
Yarrigan,New South Wales,3122,149.073,-31.067
Yarrobil,New South Wales,1823,149.374,-32.308
Abercrombie River,New South Wales,19340,149.701,-34.113
Arakoon,New South Wales,148,153.075,-30.884
Arakwal,New South Wales,199,153.622,-28.662
Bago Bluff,New South Wales,3978,152.636,-31.525
Bald Rock,New South Wales,8905,152.059,-28.869
Bangadilly,New South Wales,1324,150.194,-34.45
Barakee,New South Wales,4992,151.844,-31.625
Barool,New South Wales,11156,152.209,-29.657
Barrington Tops,New South Wales,76915,151.519,-32.056
Basket Swamp,New South Wales,2800,152.162,-28.933
Belford,New South Wales,288,151.302,-32.649
Bellinger River,New South Wales,2837,152.703,-30.411
Ben Halls Gap,New South Wales,516,151.229,-31.583
Benambra,New South Wales,1400,147.099,-35.774
Bendick Murrell,New South Wales,1861,148.451,-34.07
Beowa,New South Wales,10759,150.0,-37.194
Berowra Valley,New South Wales,3595,151.104,-33.641
Biamanga,New South Wales,13569,149.95,-36.455
Bimberamala,New South Wales,4320,150.101,-35.485
Bindarri,New South Wales,5576,152.944,-30.257
Biriwal Bulga,New South Wales,6490,152.297,-31.507
Blue Mountains,New South Wales,269339,150.488,-33.619
Bongil Bongil,New South Wales,4288,153.07,-30.398
Boonoo Boonoo,New South Wales,4803,152.156,-28.811
Booti Booti,New South Wales,1536,152.546,-32.24
Border Ranges,New South Wales,31863,153.068,-28.407
Bouddi,New South Wales,1618,151.403,-33.516
Bournda,New South Wales,2661,149.921,-36.813
Brindabella,New South Wales,21288,148.784,-35.268
Brindingabba,New South Wales,33942,144.923,-29.084
Brisbane Water,New South Wales,12102,151.245,-33.472
Broadwater,New South Wales,4099,153.412,-29.062
Budawang,New South Wales,24000,150.052,-35.422
Budderoo,New South Wales,7382,150.676,-34.656
Bugong,New South Wales,1003,150.436,-34.83
Bundjalung,New South Wales,21964,153.348,-29.249
Bungawalbin,New South Wales,3711,153.144,-29.115
Bungonia,New South Wales,769,150.023,-34.799
Butterleaf,New South Wales,3005,152.019,-29.522
Capertee,New South Wales,6776,150.037,-33.037
Capoompeta,New South Wales,4279,152.009,-29.387
Carrai,New South Wales,11708,152.216,-30.895
Cascade,New South Wales,3602,152.812,-30.26
Cataract,New South Wales,4377,152.331,-28.73
Cathedral Rock,New South Wales,11071,152.205,-30.441
Cattai,New South Wales,428,150.9,-33.547
Chaelundi,New South Wales,19122,152.528,-29.973
Clyde River,New South Wales,1264,150.15,-35.677
Cocoparra,New South Wales,8299,146.236,-34.089
Columbey,New South Wales,1285,151.741,-32.587
Conimbla,New South Wales,8847,148.337,-33.844
Conjola,New South Wales,11549,150.491,-35.178
Coolah Tops,New South Wales,16246,150.096,-31.766
Coorabakh,New South Wales,1807,152.524,-31.713
Cottan-Bimbang,New South Wales,30577,152.102,-31.355
Crowdy Bay,New South Wales,10707,152.724,-31.815
Culgoa,New South Wales,41236,147.076,-29.116
Cunnawarra,New South Wales,16221,152.142,-30.732
Curracabundi,New South Wales,15676,151.619,-31.653
Deua,New South Wales,121221,149.838,-35.924
Dharawal,New South Wales,6929,150.858,-34.198
Dharug,New South Wales,15324,151.065,-33.38
Dooragan,New South Wales,1096,152.775,-31.664
Dorrigo,New South Wales,11769,152.786,-30.373
Dunggir,New South Wales,2583,152.683,-30.669
Eurobodalla,New South Wales,3031,150.115,-36.131
Everlasting Swamp,New South Wales,2110,153.047,-29.544
Fortis Creek,New South Wales,7909,152.869,-29.442
Gaagal Wanggaan (South Beach),New South Wales,665,152.995,-30.679
Gardens of Stone,New South Wales,15634,150.07,-33.171
Garigal,New South Wales,2263,151.192,-33.723
Georges River,New South Wales,534,151.013,-33.989
Ghin-Doo-Ee,New South Wales,4796,152.11,-32.229
Gibraltar Range,New South Wales,25400,152.327,-29.536
Gir-um-bit,New South Wales,609,151.959,-32.712
Goobang,New South Wales,42438,148.473,-33.0
Goolawah,New South Wales,573,152.965,-31.213
Goonengerry,New South Wales,530,153.406,-28.579
Goulburn River,New South Wales,74518,150.186,-32.319
Gourock,New South Wales,7849,149.515,-35.929
Gulaga,New South Wales,4959,150.018,-36.313
Gumbaynggirr,New South Wales,5484,152.567,-30.536
Gundabooka,New South Wales,64026,145.72,-30.584
Guula Ngurra,New South Wales,3401,150.127,-34.399
Guy Fawkes River,New South Wales,108236,152.254,-29.981
Hat Head,New South Wales,7405,153.017,-31.067
Heathcote,New South Wales,2875,150.965,-34.123
Hunter Wetlands,New South Wales,5011,151.767,-32.839
Indwarra,New South Wales,931,151.25,-30.078
Jerrawangala,New South Wales,4018,150.473,-35.056
Jervis Bay,New South Wales,5191,150.743,-34.957
Jimberoo,New South Wales,1172,146.278,-33.761
Jindalee,New South Wales,1037,148.039,-34.513
Junuy Juluum,New South Wales,945,152.721,-30.291
Kalyarr,New South Wales,40779,144.353,-34.298
Kamay Botany Bay,New South Wales,498,151.219,-34.031
Kanangra-Boyd,New South Wales,71804,150.108,-33.883
Karuah,New South Wales,3520,151.938,-32.588
Kemendok,New South Wales,9917,142.433,-34.487
Keverstone,New South Wales,1855,149.265,-34.118
Khappinghat,New South Wales,2008,152.483,-31.964
Kinchega,New South Wales,44475,142.301,-32.508
Kings Plains,New South Wales,8210,151.37,-29.598
Koonaburra,New South Wales,46029,144.758,-32.202
Kooraban,New South Wales,11460,149.911,-36.314
Koreelah,New South Wales,5243,152.436,-28.319
Kosciuszko,New South Wales,688945,148.409,-36.123
Ku-ring-gai Chase,New South Wales,15533,151.229,-33.628
Kumbatine,New South Wales,15389,152.607,-31.148
Kwiambal,New South Wales,7681,150.967,-29.172
Lachlan Valley,New South Wales,22944,145.681,-33.314
Lane Cove,New South Wales,719,151.091,-33.749
Limeburners Creek,New South Wales,10168,152.919,-31.314
Livingstone,New South Wales,1920,147.355,-35.371
Macquarie Pass,New South Wales,1047,150.674,-34.56
Malabar Headland,New South Wales,76,151.261,-33.965
Mallanganee,New South Wales,1135,152.758,-28.906
Mallee Cliffs,New South Wales,58118,142.641,-34.214
Mares Forest,New South Wales,2645,149.919,-34.296
Maria,New South Wales,2419,152.878,-31.152
Marramarra,New South Wales,11668,151.059,-33.484
Marrangaroo,New South Wales,1672,150.091,-33.46
Maryland,New South Wales,2288,152.075,-28.499
Mebbin,New South Wales,3779,153.162,-28.455
Meroo,New South Wales,3839,150.37,-35.473
Middle Brother,New South Wales,1828,152.715,-31.689
Mimosa Rocks,New South Wales,5836,149.938,-36.669
Minjary,New South Wales,1460,148.141,-35.252
Monga,New South Wales,26989,149.977,-35.738
Mooball,New South Wales,1151,153.47,-28.386
Morton,New South Wales,199584,150.28,-34.937
Mount Clunie,New South Wales,1414,152.522,-28.304
Mount Grenfell,New South Wales,9201,145.331,-31.271
Mount Imlay,New South Wales,4717,149.733,-37.159
Mount Jerusalem,New South Wales,5097,153.364,-28.489
Mount Kaputar,New South Wales,51304,150.146,-30.263
Mount Nothofagus,New South Wales,2154,152.614,-28.303
Mount Pikapene,New South Wales,2610,152.702,-29.049
Mount Royal,New South Wales,6975,151.33,-32.207
Mummel Gulf,New South Wales,14057,151.826,-31.371
Mungo,New South Wales,129912,143.126,-33.68
Murramarang,New South Wales,12350,150.288,-35.583
Murray Valley,New South Wales,39521,145.107,-35.814
Murrumbidgee Valley,New South Wales,13027,146.303,-34.62
Mutawintji,New South Wales,67827,142.418,-31.071
Myall Lakes,New South Wales,48043,152.301,-32.509
Nangar,New South Wales,9413,148.52,-33.433
Narriearra Caryapundy Swamp,New South Wales,153741,142.584,-29.207
Nattai,New South Wales,50995,150.401,-34.234
New England,New South Wales,71643,152.472,-30.535
Nightcap,New South Wales,8109,153.321,-28.56
Nowendoc,New South Wales,17344,151.631,-31.562
Nymboi-Binderay,New South Wales,17209,152.724,-30.109
Nymboida,New South Wales,40646,152.437,-29.665
Oolambeyan,New South Wales,22200,145.273,-34.766
Oxley Wild Rivers,New South Wales,153675,152.04,-31.031
Paroo-Darling,New South Wales,183176,143.948,-31.512
Popran,New South Wales,4032,151.187,-33.377
Ramornie,New South Wales,3272,152.668,-29.72
Richmond Range,New South Wales,15715,152.747,-28.788
Royal,New South Wales,15324,151.037,-34.113
Saltwater,New South Wales,33,152.565,-32.007
Scheyville,New South Wales,932,150.896,-33.597
Scone Mountain,New South Wales,78,150.889,-32.04
Sea Acres,New South Wales,71,152.933,-31.465
Seven Mile Beach,New South Wales,962,150.76,-34.81
Single,New South Wales,2563,151.411,-30.001
South East Forest,New South Wales,111345,149.486,-37.009
Sturt,New South Wales,345566,141.272,-29.164
Sydney Harbour,New South Wales,395,151.291,-33.813
Tallaganda,New South Wales,16684,149.475,-35.764
Tapin Tops,New South Wales,11157,152.19,-31.654
Tarlo River,New South Wales,8650,149.916,-34.498
Thirlmere Lakes,New South Wales,663,150.539,-34.224
Tilligerry,New South Wales,141,151.95,-32.775
Timbarra,New South Wales,1773,152.313,-29.033
Tomaree,New South Wales,2324,152.142,-32.753
Tooloom,New South Wales,4373,152.443,-28.453
Toonumbar,New South Wales,14939,152.794,-28.489
Toorale,New South Wales,35695,145.443,-30.34
Towarri,New South Wales,6669,150.742,-31.839
Turon,New South Wales,3099,149.933,-33.199
Ulidarra,New South Wales,684,153.085,-30.251
Wadbilliga,New South Wales,95461,149.637,-36.481
Wallarah,New South Wales,175,151.638,-33.126
Wallaroo,New South Wales,2784,151.803,-32.611
Wallingat,New South Wales,6484,152.42,-32.296
Warra,New South Wales,3890,151.937,-30.011
Warrabah,New South Wales,5214,150.955,-30.55
Warrumbungle,New South Wales,23868,148.97,-31.249
Washpool,New South Wales,68879,152.344,-29.349
Watagans,New South Wales,7792,151.377,-33.009
Weddin Mountains,New South Wales,8718,147.986,-33.945
Werakata,New South Wales,3335,151.425,-32.849
Werrikimbe,New South Wales,35054,152.301,-31.199
Willandra,New South Wales,18855,144.937,-33.211
Willi Willi,New South Wales,32607,152.424,-31.171
Woko,New South Wales,8227,151.785,-31.758
Wollemi,New South Wales,505562,150.44,-33.046
Wollumbin,New South Wales,4248,153.258,-28.389
Woolooma,New South Wales,497,151.168,-32.041
Woomargama,New South Wales,24219,147.476,-35.876
Worimi,New South Wales,1877,151.965,-32.794
Wyrrabalong,New South Wales,581,151.532,-33.297
Yabbra,New South Wales,8980,152.507,-28.622
Yanga,New South Wales,35383,143.672,-34.612
Yanununbeyan,New South Wales,3487,149.41,-35.516
Yarrahapinni Wetlands,New South Wales,1345,152.972,-30.881
Yarriabini,New South Wales,2180,152.954,-30.791
Yengo,New South Wales,168008,150.864,-33.019
Yiraaldiya,New South Wales,539,150.799,-33.713
Yuraygir,New South Wales,38402,153.26,-29.74
