date,year,month,arrivals
2015-01-01,2015,1,547430
2015-02-01,2015,2,726060
2015-03-01,2015,3,679270
2015-04-01,2015,4,550150
2015-05-01,2015,5,485660
2015-06-01,2015,6,488150
2015-07-01,2015,7,628270
2015-08-01,2015,8,574140
2015-09-01,2015,9,571990
2015-10-01,2015,10,625800
2015-11-01,2015,11,671540
2015-12-01,2015,12,901320
2016-01-01,2016,1,617670
2016-02-01,2016,2,798610
2016-03-01,2016,3,757350
2016-04-01,2016,4,610500
2016-05-01,2016,5,541280
2016-06-01,2016,6,555070
2016-07-01,2016,7,715780
2016-08-01,2016,8,632140
2016-09-01,2016,9,647040
2016-10-01,2016,10,695920
2016-11-01,2016,11,721830
2016-12-01,2016,12,976150
2017-01-01,2017,1,723990
2017-02-01,2017,2,787580
2017-03-01,2017,3,772230
2017-04-01,2017,4,700010
2017-05-01,2017,5,579090
2017-06-01,2017,6,606010
2017-07-01,2017,7,746410
2017-08-01,2017,8,702900
2017-09-01,2017,9,663590
2017-10-01,2017,10,741360
2017-11-01,2017,11,777090
2017-12-01,2017,12,1015040
2018-01-01,2018,1,702580
2018-02-01,2018,2,914530
2018-03-01,2018,3,872350
2018-04-01,2018,4,679780
2018-05-01,2018,5,609450
2018-06-01,2018,6,646650
2018-07-01,2018,7,774360
2018-08-01,2018,8,741710
2018-09-01,2018,9,690190
2018-10-01,2018,10,753960
2018-11-01,2018,11,802160
2018-12-01,2018,12,1057900
2019-01-01,2019,1,731130
2019-02-01,2019,2,927240
2019-03-01,2019,3,836350
2019-04-01,2019,4,700370
2019-05-01,2019,5,668280
2019-06-01,2019,6,660340
2019-07-01,2019,7,790380
2019-08-01,2019,8,789200
2019-09-01,2019,9,694960
2019-10-01,2019,10,774020
2019-11-01,2019,11,815910
2019-12-01,2019,12,1077720
2020-01-01,2020,1,766590
2020-02-01,2020,2,685410
2020-03-01,2020,3,331890
2020-04-01,2020,4,2250
2020-05-01,2020,5,3440
2020-06-01,2020,6,5400
2020-07-01,2020,7,3530
2020-08-01,2020,8,3030
2020-09-01,2020,9,3720
2020-10-01,2020,10,6070
2020-11-01,2020,11,7570
2020-12-01,2020,12,8820
2021-01-01,2021,1,7990
2021-02-01,2021,2,6260
2021-03-01,2021,3,8320
2021-04-01,2021,4,22610
2021-05-01,2021,5,36190
2021-06-01,2021,6,36770
2021-07-01,2021,7,18720
2021-08-01,2021,8,6390
2021-09-01,2021,9,4430
2021-10-01,2021,10,4410
2021-11-01,2021,11,20860
2021-12-01,2021,12,73290
2022-01-01,2022,1,60760
2022-02-01,2022,2,90460
2022-03-01,2022,3,170250
2022-04-01,2022,4,235460
2022-05-01,2022,5,231480
2022-06-01,2022,6,275300
2022-07-01,2022,7,325680
2022-08-01,2022,8,348440
2022-09-01,2022,9,371850
2022-10-01,2022,10,430470
2022-11-01,2022,11,505240
2022-12-01,2022,12,648970
2023-01-01,2023,1,412410
2023-02-01,2023,2,600710
2023-03-01,2023,3,613340
2023-04-01,2023,4,544920
2023-05-01,2023,5,512330
2023-06-01,2023,6,542080
2023-07-01,2023,7,625120
2023-08-01,2023,8,603360
2023-09-01,2023,9,584620
2023-10-01,2023,10,607930
2023-11-01,2023,11,663760
2023-12-01,2023,12,876860
2024-01-01,2024,1,603770
2024-02-01,2024,2,857950
2024-03-01,2024,3,761050
2024-04-01,2024,4,593090
2024-05-01,2024,5,600780
2024-06-01,2024,6,587760
2024-07-01,2024,7,658970
2024-08-01,2024,8,658810
2024-09-01,2024,9,630700
2024-10-01,2024,10,677410
2024-11-01,2024,11,695360
2024-12-01,2024,12,945280
2025-01-01,2025,1,710040
2025-02-01,2025,2,787770
2025-03-01,2025,3,761230
2025-04-01,2025,4,641150
2025-05-01,2025,5,611180
2025-06-01,2025,6,624510
2025-07-01,2025,7,743210
2025-08-01,2025,8,753320
2025-09-01,2025,9,696500
2025-10-01,2025,10,740650
2025-11-01,2025,11,831170
2025-12-01,2025,12,1036660
2026-01-01,2026,1,716680
2026-02-01,2026,2,943220
2026-03-01,2026,3,818990
2026-04-01,2026,4,644770
2026-05-01,2026,5,609040
2026-06-01,2026,6,566910
2026-07-01,2026,7,710980
