month,lat,lon,count
6,-35.5,150.5,50
7,-26.5,153.5,104
9,-35.5,150.5,37
10,-35.5,150.5,137
8,-20.5,148.5,46
6,-29.5,153.5,25
10,-36.5,149.5,155
5,-35.5,150.5,9
7,-35.5,150.5,34
10,-36.5,150.5,95
9,-37.5,149.5,75
10,-27.5,153.5,207
7,-25.5,153.5,623
11,-36.5,149.5,33
9,-36.5,149.5,130
7,-16.5,122.5,2
9,-29.5,153.5,22
9,-34.5,150.5,76
7,-21.5,149.5,5
9,-36.5,150.5,128
8,-19.5,148.5,2
6,-31.5,152.5,37
11,-37.5,150.5,37
6,-33.5,151.5,454
8,-21.5,149.5,11
6,-37.5,150.5,5
7,-27.5,153.5,313
7,-31.5,152.5,34
10,-34.5,150.5,131
8,-36.5,150.5,26
10,-37.5,150.5,217
11,-35.5,150.5,24
9,-37.5,150.5,227
10,-26.5,153.5,88
6,-34.5,151.5,106
10,-15.5,124.5,4
9,-15.5,125.5,2
9,-15.5,124.5,4
5,-18.5,121.5,2
7,-38.5,144.5,9
10,-38.5,143.5,4
9,-38.5,144.5,2
8,-38.5,144.5,2
6,-35.5,118.5,6
10,-30.5,153.5,68
8,-25.5,153.5,2165
8,-26.5,153.5,123
10,-33.5,151.5,476
9,-27.5,153.5,452
9,-30.5,153.5,62
9,-21.5,114.5,85
6,-31.5,153.5,5
8,-31.5,152.5,16
7,-26.5,113.5,4
7,-28.5,153.5,483
9,-25.5,153.5,1782
9,-24.5,153.5,976
9,-28.5,153.5,525
9,-26.5,153.5,159
8,-28.5,153.5,530
6,-27.5,153.5,226
7,-27.5,114.5,4
5,-34.5,150.5,7
10,-25.5,153.5,698
10,-32.5,152.5,99
7,-34.5,151.5,82
8,-27.5,114.5,5
8,-34.5,151.5,21
7,-37.5,150.5,7
8,-32.5,152.5,60
8,-23.5,113.5,37
7,-16.5,146.5,4
11,-33.5,151.5,62
10,-28.5,153.5,290
11,-30.5,153.5,5
8,-33.5,151.5,183
7,-35.5,118.5,3
7,-33.5,115.5,5
7,-21.5,114.5,37
10,-31.5,152.5,20
8,-16.5,146.5,4
7,-19.5,146.5,5
8,-21.5,114.5,91
7,-32.5,152.5,330
10,-21.5,113.5,4
9,-33.5,115.5,136
9,-33.5,151.5,387
5,-27.5,153.5,12
7,-20.5,118.5,2
8,-27.5,153.5,390
8,-11.5,130.5,4
9,-12.5,130.5,7
8,-13.5,129.5,6
7,-12.5,130.5,2
8,-12.5,130.5,13
6,-12.5,130.5,2
9,-13.5,130.5,2
8,-13.5,130.5,2
7,-34.5,115.5,349
8,-34.5,115.5,50
6,-28.5,153.5,280
7,-33.5,151.5,329
6,-34.5,115.5,369
7,-31.5,115.5,2
6,-34.5,118.5,20
7,-34.5,118.5,47
8,-34.5,118.5,7
7,-34.5,150.5,16
8,-35.5,150.5,13
7,-31.5,153.5,7
6,-30.5,153.5,78
7,-32.5,151.5,24
7,-29.5,153.5,8
6,-32.5,151.5,33
6,-32.5,152.5,385
7,-36.5,150.5,6
7,-30.5,153.5,80
6,-30.5,152.5,3
7,-36.5,149.5,9
8,-34.5,150.5,23
8,-32.5,151.5,8
5,-34.5,151.5,7
7,-38.5,145.5,80
7,-42.5,148.5,3
7,-43.5,147.5,2
7,-37.5,149.5,4
6,-35.5,138.5,2
8,-24.5,153.5,1239
10,-43.5,147.5,51
10,-24.5,153.5,428
9,-32.5,152.5,108
9,-31.5,152.5,21
7,-20.5,148.5,38
8,-25.5,152.5,372
5,-33.5,151.5,80
9,-25.5,152.5,235
11,-43.5,147.5,39
11,-43.5,148.5,41
7,-24.5,153.5,365
8,-24.5,152.5,65
6,-38.5,145.5,74
8,-37.5,149.5,25
6,-38.5,144.5,37
10,-43.5,148.5,54
11,-27.5,153.5,6
7,-19.5,149.5,12
9,-42.5,148.5,19
5,-32.5,152.5,50
11,-34.5,151.5,3
8,-16.5,145.5,25
12,-43.5,148.5,2
10,-39.5,146.5,32
9,-43.5,147.5,20
10,-38.5,146.5,9
3,-43.5,147.5,11
7,-25.5,152.5,79
10,-34.5,151.5,39
9,-16.5,145.5,3
10,-37.5,149.5,135
6,-43.5,147.5,28
7,-16.5,145.5,24
6,-34.5,150.5,55
11,-37.5,149.5,41
11,-25.5,153.5,7
6,-20.5,149.5,4
8,-20.5,149.5,15
9,-38.5,145.5,4
7,-24.5,152.5,19
9,-43.5,148.5,23
8,-37.5,150.5,44
2,-43.5,147.5,3
10,-24.5,152.5,10
9,-20.5,148.5,7
9,-34.5,151.5,32
5,-43.5,147.5,15
8,-30.5,153.5,72
11,-36.5,150.5,21
4,-33.5,151.5,9
11,-32.5,152.5,23
6,-43.5,148.5,12
7,-20.5,149.5,20
6,-26.5,153.5,49
10,-32.5,151.5,14
11,-42.5,148.5,13
11,-34.5,150.5,11
8,-38.5,145.5,8
8,-36.5,149.5,35
9,-39.5,146.5,33
12,-43.5,147.5,3
10,-25.5,152.5,39
8,-31.5,153.5,3
6,-36.5,150.5,6
6,-36.5,149.5,16
5,-28.5,153.5,15
8,-19.5,146.5,19
7,-43.5,148.5,6
9,-24.5,152.5,28
6,-42.5,148.5,4
6,-24.5,152.5,3
10,-41.5,146.5,2
4,-43.5,147.5,2
9,-19.5,149.5,7
9,-20.5,149.5,2
8,-17.5,146.5,3
6,-42.5,147.5,3
8,-39.5,146.5,13
8,-38.5,146.5,5
7,-17.5,146.5,2
9,-32.5,151.5,6
8,-19.5,147.5,7
9,-22.5,150.5,2
10,-42.5,148.5,7
8,-18.5,146.5,5
8,-43.5,147.5,2
10,-38.5,144.5,3
9,-31.5,153.5,10
1,-43.5,147.5,4
6,-39.5,146.5,3
6,-37.5,148.5,4
11,-32.5,151.5,3
5,-31.5,152.5,5
5,-43.5,148.5,8
6,-25.5,152.5,5
11,-40.5,148.5,11
6,-24.5,153.5,3
10,-41.5,148.5,4
9,-19.5,146.5,2
11,-39.5,146.5,3
9,-38.5,146.5,6
11,-37.5,148.5,4
9,-21.5,149.5,3
10,-38.5,147.5,2
10,-37.5,148.5,15
6,-25.5,153.5,16
11,-38.5,144.5,2
9,-24.5,151.5,2
8,-29.5,153.5,9
5,-32.5,151.5,2
10,-34.5,135.5,3
8,-31.5,129.5,2
7,-35.5,138.5,4
11,-28.5,153.5,5
8,-35.5,117.5,3
10,-33.5,114.5,6
8,-22.5,113.5,17
11,-33.5,115.5,9
9,-22.5,113.5,4
8,-24.5,113.5,2
8,-23.5,152.5,4
10,-31.5,115.5,244
9,-32.5,115.5,8
9,-35.5,117.5,4
7,-23.5,152.5,3
8,-17.5,122.5,8
10,-17.5,121.5,2
9,-33.5,152.5,9
10,-33.5,115.5,99
10,-27.5,155.5,3
5,-30.5,153.5,2
11,-29.5,153.5,4
1,-34.5,150.5,2
6,-31.5,151.5,3
10,-29.5,153.5,24
11,-31.5,152.5,3
12,-33.5,151.5,2
1,-33.5,151.5,2
7,-29.5,152.5,3
1,-35.5,150.5,2
6,-32.5,153.5,2
5,-38.5,144.5,2
5,-36.5,149.5,5
7,-22.5,113.5,25
9,-20.5,116.5,2
7,-23.5,113.5,33
8,-21.5,113.5,72
11,-41.5,148.5,11
9,-16.5,123.5,2
6,-35.5,117.5,5
9,-31.5,115.5,205
9,-21.5,113.5,52
8,-28.5,114.5,2
9,-23.5,113.5,18
7,-18.5,146.5,2
7,-35.5,117.5,11
6,-23.5,113.5,23
6,-37.5,149.5,6
6,-22.5,113.5,5
7,-17.5,122.5,11
9,-28.5,113.5,13
7,-21.5,113.5,142
11,-35.5,137.5,13
7,-38.5,143.5,5
7,-39.5,146.5,2
10,-21.5,114.5,21
11,-32.5,115.5,13
5,-34.5,118.5,2
12,-24.5,152.5,3
11,-38.5,141.5,3
10,-32.5,115.5,14
6,-21.5,113.5,23
6,-27.5,114.5,3
8,-14.5,124.5,3
9,-35.5,137.5,4
6,-38.5,141.5,19
8,-16.5,122.5,20
8,-33.5,115.5,6
7,-16.5,147.5,2
10,-38.5,141.5,3
12,-35.5,137.5,3
9,-17.5,122.5,2
8,-31.5,115.5,53
7,-38.5,141.5,3
5,-38.5,141.5,2
8,-26.5,113.5,9
9,-22.5,114.5,216
10,-39.5,143.5,5
9,-25.5,113.5,2
10,-35.5,137.5,6
8,-15.5,121.5,2
6,-17.5,122.5,3
8,-17.5,121.5,4
8,-15.5,124.5,5
9,-16.5,122.5,4
10,-22.5,113.5,3
11,-31.5,115.5,65
8,-16.5,123.5,6
8,-25.5,113.5,6
7,-15.5,124.5,4
6,-21.5,114.5,4
8,-19.5,120.5,18
8,-22.5,114.5,266
6,-38.5,142.5,19
8,-14.5,125.5,3
9,-34.5,115.5,7
9,-26.5,113.5,3
8,-20.5,115.5,24
7,-16.5,124.5,2
8,-18.5,120.5,3
8,-16.5,124.5,5
5,-34.5,115.5,24
11,-35.5,136.5,3
10,-35.5,136.5,2
9,-38.5,141.5,3
9,-35.5,136.5,4
4,-34.5,119.5,2
8,-18.5,122.5,3
10,-27.5,114.5,2
8,-16.5,121.5,3
